objectID;CAP;MUNICIPIO;ID_NIL;NIL;LONG_X_4326;LAT_Y_4326;Location
2;20153;7;63;FIGINO;9.073880791571554;45.49325387454429;(45.49325387454429, 9.073880791571554)
6;20152;7;55;BAGGIO - Q.RE DEGLI OLMI - Q.RE VALSESIA;9.092578976857608;45.459056102337186;(45.459056102337186, 9.092578976857608)
2150;20152;7;88;PARCO BOSCO IN CITTA';9.099067462218361;45.46150728941053;(45.46150728941053, 9.099067462218361)
4223;20152;7;55;BAGGIO - Q.RE DEGLI OLMI - Q.RE VALSESIA;9.095127151475726;45.465032056375655;(45.465032056375655, 9.095127151475726)
63;20151;8;64;TRENNO;9.09953888877201;45.490628414824386;(45.490628414824386, 9.09953888877201)
5409;20152;7;56;FORZE ARMATE;9.101408601753482;45.45384253490297;(45.45384253490297, 9.101408601753482)
67;20152;7;56;FORZE ARMATE;9.103998783193326;45.459130224453375;(45.459130224453375, 9.103998783193326)
10290;20153;7;88;PARCO BOSCO IN CITTA';9.101454905326184;45.474847561731124;(45.474847561731124, 9.101454905326184)
56;20151;7;88;PARCO BOSCO IN CITTA';9.106826323430452;45.481284257044265;(45.481284257044265, 9.106826323430452)
29120;20151;8;65;Q.RE GALLARATESE - Q.RE SAN LEONARDO - LAMPUGNANO;9.105433838223071;45.49516575234085;(45.49516575234085, 9.105433838223071)
3422;20151;8;65;Q.RE GALLARATESE - Q.RE SAN LEONARDO - LAMPUGNANO;9.105680192085176;45.499218684130696;(45.499218684130696, 9.105680192085176)
299;20152;7;56;FORZE ARMATE;9.107542319541981;45.456267208482934;(45.456267208482934, 9.107542319541981)
54;20151;7;88;PARCO BOSCO IN CITTA';9.108580793826508;45.47943436885482;(45.47943436885482, 9.108580793826508)
59;20151;7;88;PARCO BOSCO IN CITTA';9.107756305822525;45.48689142166145;(45.48689142166145, 9.107756305822525)
363;20147;6;53;LORENTEGGIO;9.125335778142201;45.4568192611256;(45.4568192611256, 9.125335778142201)
538;20151;7;60;STADIO - IPPODROMI;9.123327969671424;45.47983321618133;(45.47983321618133, 9.123327969671424)
122;20147;7;52;BANDE NERE;9.127883877034128;45.465042808842696;(45.465042808842696, 9.127883877034128)
128;20146;7;52;BANDE NERE;9.13679775557859;45.46525257944043;(45.46525257944043, 9.13679775557859)
302;20148;8;66;QT 8;9.137807316578442;45.48832948180792;(45.48832948180792, 9.137807316578442)
31116;20157;8;76;QUARTO OGGIARO - VIALBA - MUSOCCO;9.137882474317056;45.511644030005094;(45.511644030005094, 9.137882474317056)
4231;20143;6;48;RONCHETTO SUL NAVIGLIO - Q.RE LODOVICO IL MORO;9.139911157713417;45.44387988764467;(45.44387988764467, 9.139911157713417)
3425;20149;8;71;VILLAPIZZONE - CAGNOLA - BOLDINASCO;9.145567161936235;45.487769337741064;(45.487769337741064, 9.145567161936235)
3403;20157;8;76;QUARTO OGGIARO - VIALBA - MUSOCCO;9.140782187362142;45.50738231902133;(45.50738231902133, 9.140782187362142)
10286;20143;6;48;RONCHETTO SUL NAVIGLIO - Q.RE LODOVICO IL MORO;9.148000921278491;45.44073737677808;(45.44073737677808, 9.148000921278491)
2151;20146;7;51;PORTA MAGENTA;9.152281565584527;45.46449747562109;(45.46449747562109, 9.152281565584527)
444;20149;8;58;DE ANGELI - MONTE ROSA;9.150591274971886;45.477512969356425;(45.477512969356425, 9.150591274971886)
437;20149;8;67;PORTELLO;9.15099351573912;45.484214277273914;(45.484214277273914, 9.15099351573912)
4217;20156;8;71;VILLAPIZZONE - CAGNOLA - BOLDINASCO;9.146440615993733;45.493001477475765;(45.493001477475765, 9.146440615993733)
3404;20156;8;71;VILLAPIZZONE - CAGNOLA - BOLDINASCO;9.146293427719957;45.501356850436814;(45.501356850436814, 9.146293427719957)
425;20161;9;81;BOVISASCA;9.152622024957783;45.51998387650282;(45.51998387650282, 9.152622024957783)
512;20146;6;51;PORTA MAGENTA;9.155107236057132;45.45632325594457;(45.45632325594457, 9.155107236057132)
393;20146;6;51;PORTA MAGENTA;9.15348800989317;45.45754356445944;(45.45754356445944, 9.15348800989317)
3436;20144;7;51;PORTA MAGENTA;9.157611252681441;45.46201553440926;(45.46201553440926, 9.157611252681441)
3373;20145;7;68;PAGANO;9.155394845612031;45.468364478878065;(45.468364478878065, 9.155394845612031)
479;20155;8;71;VILLAPIZZONE - CAGNOLA - BOLDINASCO;9.153218552055977;45.494782803569926;(45.494782803569926, 9.153218552055977)
35518;20144;7;51;PORTA MAGENTA;9.160699650012738;45.46432603194266;(45.46432603194266, 9.160699650012738)
388;20123;1;7;MAGENTA - S. VITTORE;9.165111284798975;45.46628263670014;(45.46628263670014, 9.165111284798975)
3381;20145;8;68;PAGANO;9.160413304537258;45.470179727198996;(45.470179727198996, 9.160413304537258)
146;20158;9;77;BOVISA;9.165489027173964;45.49898402006926;(45.49898402006926, 9.165489027173964)
4976;20143;6;44;PORTA TICINESE - CONCHETTA;9.171296056237694;45.44492434604768;(45.44492434604768, 9.171296056237694)
430;20154;8;69;SARPI;9.166840451258215;45.48739814496596;(45.48739814496596, 9.166840451258215)
144;20158;9;77;BOVISA;9.169197451062299;45.504002174852545;(45.504002174852545, 9.169197451062299)
129;20161;9;80;AFFORI;9.170576560780395;45.51823944814559;(45.51823944814559, 9.170576560780395)
5399;20161;9;82;COMASINA;9.166756287654241;45.526771137069765;(45.526771137069765, 9.166756287654241)
403;20144;6;44;PORTA TICINESE - CONCHETTA;9.174019695562807;45.4541741407201;(45.4541741407201, 9.174019695562807)
14698;20121;1;8;PARCO SEMPIONE;9.175565275784907;45.471364039973366;(45.471364039973366, 9.175565275784907)
474;20121;1;8;PARCO SEMPIONE;9.17712217867837;45.473560373303265;(45.473560373303265, 9.17712217867837)
142;20158;9;79;DERGANO;9.177589045800179;45.49939578945994;(45.49939578945994, 9.177589045800179)
293;20142;5;41;GRATOSOGLIO - Q.RE MISSAGLIA - Q.RE TERRAZZE;9.180757517151275;45.41897977943236;(45.41897977943236, 9.180757517151275)
3360;20141;5;37;MORIVIONE;9.190798473217749;45.44426430782252;(45.44426430782252, 9.190798473217749)
11086;20136;5;5;PORTA VIGENTINA - PORTA LODOVICA;9.187472378246111;45.44922179445921;(45.44922179445921, 9.187472378246111)
3443;20141;5;38;VIGENTINO - Q.RE FATIMA;9.196182800639711;45.42975496830806;(45.42975496830806, 9.196182800639711)
289;20136;5;5;PORTA VIGENTINA - PORTA LODOVICA;9.19206744809801;45.447852531448845;(45.447852531448845, 9.19206744809801)
34;20136;5;5;PORTA VIGENTINA - PORTA LODOVICA;9.193978138952712;45.44856362806366;(45.44856362806366, 9.193978138952712)
14297;20122;1;5;PORTA VIGENTINA - PORTA LODOVICA;9.197396561784728;45.454283334070354;(45.454283334070354, 9.197396561784728)
29129;20154;9;9;PORTA GARIBALDI - PORTA NUOVA;9.193202667103906;45.48428795124369;(45.48428795124369, 9.193202667103906)
342;20124;2;11;ISOLA;9.197192148432277;45.48946118287944;(45.48946118287944, 9.197192148432277)
3393;20159;9;12;MACIACHINI - MAGGIOLINA;9.193715766812769;45.49800063859398;(45.49800063859398, 9.193715766812769)
18307;20162;9;14;NIGUARDA - CA' GRANDA - PRATO CENTENARO - Q.RE FULVIO TESTI;9.197426780685406;45.514662121027996;(45.514662121027996, 9.197426780685406)
4209;20162;9;14;NIGUARDA - CA' GRANDA - PRATO CENTENARO - Q.RE FULVIO TESTI;9.193987238699158;45.520059879209015;(45.520059879209015, 9.193987238699158)
18;20141;5;38;VIGENTINO - Q.RE FATIMA;9.203953245225115;45.42477312253051;(45.42477312253051, 9.203953245225115)
418;20121;1;3;GIARDINI P.TA VENEZIA;9.201723917115421;45.47324249913219;(45.47324249913219, 9.201723917115421)
3768;20124;2;12;MACIACHINI - MAGGIOLINA;9.198840162457056;45.49162619941619;(45.49162619941619, 9.198840162457056)
524;20141;5;38;VIGENTINO - Q.RE FATIMA;9.205381855251067;45.42786729595568;(45.42786729595568, 9.205381855251067)
28319;20141;5;38;VIGENTINO - Q.RE FATIMA;9.205555641654215;45.432727527242484;(45.432727527242484, 9.205555641654215)
13485;20139;5;38;VIGENTINO - Q.RE FATIMA;9.205689902543671;45.43466295354067;(45.43466295354067, 9.205689902543671)
168;20129;1;4;GUASTALLA;9.206170211335575;45.46781943260748;(45.46781943260748, 9.206170211335575)
28316;20125;2;10;STAZIONE CENTRALE - PONTE SEVESO;9.206691196940994;45.49007187809028;(45.49007187809028, 9.206691196940994)
18305;20126;9;15;BICOCCA;9.206286562458816;45.51207511535016;(45.51207511535016, 9.206286562458816)
422;20139;5;36;SCALO ROMANA;9.216698550778839;45.43580597308098;(45.43580597308098, 9.216698550778839)
177;20129;4;26;XXII MARZO;9.216663741108063;45.462320669648754;(45.462320669648754, 9.216663741108063)
3376;20129;4;26;XXII MARZO;9.213216398954733;45.467904092814756;(45.467904092814756, 9.213216398954733)
533;20129;3;21;BUENOS AIRES - PORTA VENEZIA - PORTA MONFORTE;9.212866735979203;45.478757470434516;(45.478757470434516, 9.212866735979203)
4181;20139;4;35;LODI - CORVETTO;9.220213913815657;45.43776594489772;(45.43776594489772, 9.220213913815657)
3365;20137;4;28;UMBRIA - MOLISE - CALVAIRATE;9.21806590624736;45.45413004697307;(45.45413004697307, 9.21806590624736)
174;20137;4;28;UMBRIA - MOLISE - CALVAIRATE;9.220664332460924;45.45608856024568;(45.45608856024568, 9.220664332460924)
414;20129;3;21;BUENOS AIRES - PORTA VENEZIA - PORTA MONFORTE;9.222923714162254;45.47106951632769;(45.47106951632769, 9.222923714162254)
14287;20127;2;20;LORETO - CASORETTO - NOLO;9.222279645406925;45.49471445887512;(45.49471445887512, 9.222279645406925)
154;20137;4;29;ORTOMERCATO;9.228699004814613;45.449939041858094;(45.449939041858094, 9.228699004814613)
4244;20133;4;25;CORSICA;9.225885436745022;45.46305097286675;(45.46305097286675, 9.225885436745022)
3430;20131;3;22;CITTA' STUDI;9.225352826009386;45.48277323137491;(45.48277323137491, 9.225352826009386)
14285;20127;2;20;LORETO - CASORETTO - NOLO;9.22543756499281;45.494070238121516;(45.494070238121516, 9.22543756499281)
28320;20128;2;16;GORLA - PRECOTTO;9.22870219453432;45.507064292218445;(45.507064292218445, 9.22870219453432)
305;20128;2;16;GORLA - PRECOTTO;9.230675013550215;45.51133019899418;(45.51133019899418, 9.230675013550215)
157;20133;4;25;CORSICA;9.233374861825517;45.46779656989585;(45.46779656989585, 9.233374861825517)
530;20133;3;22;CITTA' STUDI;9.236339123649305;45.48442427898941;(45.48442427898941, 9.236339123649305)
515;20138;4;30;TALIEDO - MORSENCHIO - Q.RE FORLANINI;9.241386060480014;45.45652695945651;(45.45652695945651, 9.241386060480014)
487;20134;3;23;LAMBRATE - ORTICA;9.24123890705142;45.482522409377914;(45.482522409377914, 9.24123890705142)
4167;20132;2;19;PADOVA - TURRO - CRESCENZAGO;9.242968834887993;45.50385582918856;(45.50385582918856, 9.242968834887993)
505;20134;3;18;CIMIANO - ROTTOLE - Q.RE FELTRE;9.247404191129615;45.48858855370327;(45.48858855370327, 9.247404191129615)
497;20132;3;18;CIMIANO - ROTTOLE - Q.RE FELTRE;9.244865181265554;45.5000266857694;(45.5000266857694, 9.244865181265554)
543;20128;2;17;ADRIANO;9.249070174777982;45.518156106433445;(45.518156106433445, 9.249070174777982)
10288;20138;4;30;TALIEDO - MORSENCHIO - Q.RE FORLANINI;9.251657126590034;45.44824272107657;(45.44824272107657, 9.251657126590034)
346;20138;4;30;TALIEDO - MORSENCHIO - Q.RE FORLANINI;9.253421201061172;45.44861022537506;(45.44861022537506, 9.253421201061172)
3419;20138;4;31;MONLUE' - PONTE LAMBRO;9.263348952133924;45.44007552889829;(45.44007552889829, 9.263348952133924)
284;20153;7;87;ASSIANO;9.063593309898062;45.45554534419511;(45.45554534419511, 9.063593309898062)
5869;20153;7;63;FIGINO;9.076086087961421;45.49370415285679;(45.49370415285679, 9.076086087961421)
5;20153;7;55;BAGGIO - Q.RE DEGLI OLMI - Q.RE VALSESIA;9.090026279299726;45.4638723126485;(45.4638723126485, 9.090026279299726)
4247;20151;8;65;Q.RE GALLARATESE - Q.RE SAN LEONARDO - LAMPUGNANO;9.099419935450005;45.50070845304803;(45.50070845304803, 9.099419935450005)
262;20151;8;65;Q.RE GALLARATESE - Q.RE SAN LEONARDO - LAMPUGNANO;9.098484001880632;45.50571079609668;(45.50571079609668, 9.098484001880632)
2149;20153;7;61;QUARTO CAGNINO;9.103469221636473;45.47366033585959;(45.47366033585959, 9.103469221636473)
7083;20152;6;53;LORENTEGGIO;9.108836634962154;45.452922127863395;(45.452922127863395, 9.108836634962154)
57;20151;7;88;PARCO BOSCO IN CITTA';9.10717081331941;45.48267991408669;(45.48267991408669, 9.10717081331941)
3410;20151;8;65;Q.RE GALLARATESE - Q.RE SAN LEONARDO - LAMPUGNANO;9.118794469356498;45.4940766966667;(45.4940766966667, 9.118794469356498)
369;20147;6;49;GIAMBELLINO;9.129715509023097;45.44423593843171;(45.44423593843171, 9.129715509023097)
5866;20151;8;65;Q.RE GALLARATESE - Q.RE SAN LEONARDO - LAMPUGNANO;9.128104143716834;45.486910152521524;(45.486910152521524, 9.128104143716834)
118;20157;8;76;QUARTO OGGIARO - VIALBA - MUSOCCO;9.128912318171997;45.51649822147997;(45.51649822147997, 9.128912318171997)
5834;20148;7;60;STADIO - IPPODROMI;9.137941710126851;45.476633065612525;(45.476633065612525, 9.137941710126851)
5390;20156;8;71;VILLAPIZZONE - CAGNOLA - BOLDINASCO;9.135355093179784;45.499576700476716;(45.499576700476716, 9.135355093179784)
4176;20157;8;76;QUARTO OGGIARO - VIALBA - MUSOCCO;9.134916773781038;45.50777260116549;(45.50777260116549, 9.134916773781038)
295;20148;7;60;STADIO - IPPODROMI;9.141565263393984;45.479380407227296;(45.479380407227296, 9.141565263393984)
4216;20149;8;71;VILLAPIZZONE - CAGNOLA - BOLDINASCO;9.142129150544216;45.49038153539969;(45.49038153539969, 9.142129150544216)
4240;20157;8;76;QUARTO OGGIARO - VIALBA - MUSOCCO;9.140110574749295;45.50875151840289;(45.50875151840289, 9.140110574749295)
30316;20146;6;52;BANDE NERE;9.147671057921944;45.458406686112205;(45.458406686112205, 9.147671057921944)
29122;20149;8;59;TRE TORRI;9.152237401097143;45.478996461567334;(45.478996461567334, 9.152237401097143)
2174;20155;8;71;VILLAPIZZONE - CAGNOLA - BOLDINASCO;9.150788519426506;45.494286071054105;(45.494286071054105, 9.150788519426506)
3374;20145;7;51;PORTA MAGENTA;9.15476003088024;45.46663887351369;(45.46663887351369, 9.15476003088024)
10689;20149;7;58;DE ANGELI - MONTE ROSA;9.154260238238525;45.46822294429539;(45.46822294429539, 9.154260238238525)
107;20156;8;71;VILLAPIZZONE - CAGNOLA - BOLDINASCO;9.155034751404404;45.49797440898109;(45.49797440898109, 9.155034751404404)
507;20157;9;81;BOVISASCA;9.156759695726986;45.51470812445118;(45.51470812445118, 9.156759695726986)
15902;20142;6;46;BARONA;9.163490759358956;45.430104595382886;(45.430104595382886, 9.163490759358956)
438;20145;8;68;PAGANO;9.164362830497062;45.47739325236201;(45.47739325236201, 9.164362830497062)
5841;20157;9;77;BOVISA;9.15972627637223;45.5086744095177;(45.5086744095177, 9.15972627637223)
3766;20142;5;41;GRATOSOGLIO - Q.RE MISSAGLIA - Q.RE TERRAZZE;9.171111499979054;45.40921966566415;(45.40921966566415, 9.171111499979054)
1746;20142;5;42;STADERA - CHIESA ROSSA - Q.RE TORRETTA - CONCA FALLATA;9.16724416395137;45.42898827228794;(45.42898827228794, 9.16724416395137)
1346;20142;5;42;STADERA - CHIESA ROSSA - Q.RE TORRETTA - CONCA FALLATA;9.169571844120787;45.4280988766507;(45.4280988766507, 9.169571844120787)
5821;20143;6;44;PORTA TICINESE - CONCHETTA;9.171440971654063;45.449143724402596;(45.449143724402596, 9.171440971654063)
2559;20123;1;7;MAGENTA - S. VITTORE;9.168848093464671;45.45992295693133;(45.45992295693133, 9.168848093464671)
2557;20145;1;7;MAGENTA - S. VITTORE;9.167371074075596;45.47212423905408;(45.47212423905408, 9.167371074075596)
439;20145;1;68;PAGANO;9.16956904643647;45.47563385239587;(45.47563385239587, 9.16956904643647)
294;20142;5;41;GRATOSOGLIO - Q.RE MISSAGLIA - Q.RE TERRAZZE;9.178436964448942;45.420604280552084;(45.420604280552084, 9.178436964448942)
15098;20142;5;42;STADERA - CHIESA ROSSA - Q.RE TORRETTA - CONCA FALLATA;9.17340251300423;45.429952873141765;(45.429952873141765, 9.17340251300423)
20310;20136;5;6;PORTA TICINESE - CONCA DEL NAVIGLIO;9.177469603231126;45.444858733308344;(45.444858733308344, 9.177469603231126)
3391;20123;1;1;DUOMO;9.175917595135077;45.46361558528756;(45.46361558528756, 9.175917595135077)
2146;20161;9;80;AFFORI;9.174090802455419;45.50758129473304;(45.50758129473304, 9.174090802455419)
525;20161;9;80;AFFORI;9.176695043878725;45.51394462700731;(45.51394462700731, 9.176695043878725)
309;20161;9;80;AFFORI;9.17310033288739;45.51907582649221;(45.51907582649221, 9.17310033288739)
12685;20161;9;83;BRUZZANO;9.175024229910461;45.52370063233905;(45.52370063233905, 9.175024229910461)
3435;20142;5;41;GRATOSOGLIO - Q.RE MISSAGLIA - Q.RE TERRAZZE;9.18019357517466;45.4153542727251;(45.4153542727251, 9.18019357517466)
3379;20141;5;43;TIBALDI;9.187182515234742;45.43753508216894;(45.43753508216894, 9.187182515234742)
283;20141;5;37;MORIVIONE;9.187972800753398;45.439875362937514;(45.439875362937514, 9.187972800753398)
103;20122;1;1;DUOMO;9.187669140527225;45.457477074771816;(45.457477074771816, 9.187669140527225)
378;20121;1;1;DUOMO;9.190109848289948;45.46692432805825;(45.46692432805825, 9.190109848289948)
29128;20124;9;11;ISOLA;9.191047745113426;45.48479168798926;(45.48479168798926, 9.191047745113426)
4222;20124;9;11;ISOLA;9.190971387772931;45.485720963794975;(45.485720963794975, 9.190971387772931)
101;20159;9;11;ISOLA;9.187096148176387;45.492055703600826;(45.492055703600826, 9.187096148176387)
3433;20159;9;12;MACIACHINI - MAGGIOLINA;9.195664766898759;45.501540301059194;(45.501540301059194, 9.195664766898759)
312;20162;9;14;NIGUARDA - CA' GRANDA - PRATO CENTENARO - Q.RE FULVIO TESTI;9.194006225788462;45.515621216598966;(45.515621216598966, 9.194006225788462)
4196;20139;5;36;SCALO ROMANA;9.202797775933533;45.44313792756145;(45.44313792756145, 9.202797775933533)
417;20124;2;10;STAZIONE CENTRALE - PONTE SEVESO;9.2036582318972;45.480056752818975;(45.480056752818975, 9.2036582318972)
18304;20126;9;15;BICOCCA;9.20502819675287;45.51313688755942;(45.51313688755942, 9.20502819675287)
3389;20122;1;4;GUASTALLA;9.20583109049062;45.459874279858816;(45.459874279858816, 9.20583109049062)
4242;20129;4;26;XXII MARZO;9.211091496757442;45.46746064290933;(45.46746064290933, 9.211091496757442)
355;20124;3;21;BUENOS AIRES - PORTA VENEZIA - PORTA MONFORTE;9.210039620181167;45.48498942005111;(45.48498942005111, 9.210039620181167)
2958;20124;2;10;STAZIONE CENTRALE - PONTE SEVESO;9.210860613459278;45.486962170485626;(45.486962170485626, 9.210860613459278)
330;20162;9;14;NIGUARDA - CA' GRANDA - PRATO CENTENARO - Q.RE FULVIO TESTI;9.206907071066478;45.51912844506827;(45.51912844506827, 9.206907071066478)
175;20135;4;26;XXII MARZO;9.21288888908406;45.458044044233674;(45.458044044233674, 9.21288888908406)
36718;20125;2;13;GRECO - SEGNANO;9.212943078298784;45.50152781465898;(45.50152781465898, 9.212943078298784)
413;20129;3;21;BUENOS AIRES - PORTA VENEZIA - PORTA MONFORTE;9.219356059254434;45.47110711357802;(45.47110711357802, 9.219356059254434)
4173;20126;2;16;GORLA - PRECOTTO;9.222398027569927;45.508874911894644;(45.508874911894644, 9.222398027569927)
535;20139;4;35;LODI - CORVETTO;9.226778644317163;45.442500264448974;(45.442500264448974, 9.226778644317163)
5383;20137;4;29;ORTOMERCATO;9.227508295878003;45.453179294710445;(45.453179294710445, 9.227508295878003)
5824;20133;3;22;CITTA' STUDI;9.226062050285558;45.47705221795752;(45.47705221795752, 9.226062050285558)
499;20127;2;19;PADOVA - TURRO - CRESCENZAGO;9.225333700700565;45.49761655584743;(45.49761655584743, 9.225333700700565)
39;20139;5;34;CHIARAVALLE;9.23721490346462;45.418011754054085;(45.418011754054085, 9.23721490346462)
14290;20127;2;19;PADOVA - TURRO - CRESCENZAGO;9.232124070198022;45.501971677759336;(45.501971677759336, 9.232124070198022)
4207;20138;4;33;ROGOREDO - SANTA GIULIA;9.243838552839218;45.43624576214056;(45.43624576214056, 9.243838552839218)
172;20138;4;30;TALIEDO - MORSENCHIO - Q.RE FORLANINI;9.241318806467985;45.45832296584677;(45.45832296584677, 9.241318806467985)
29118;20128;2;17;ADRIANO;9.240704725428333;45.517252992789764;(45.517252992789764, 9.240704725428333)
5826;20138;4;33;ROGOREDO - SANTA GIULIA;9.247958655677914;45.4337464383018;(45.4337464383018, 9.247958655677914)
5391;20138;4;33;ROGOREDO - SANTA GIULIA;9.245714723746001;45.43603674101235;(45.43603674101235, 9.245714723746001)
527;20127;2;19;PADOVA - TURRO - CRESCENZAGO;9.247094972128878;45.509244811903635;(45.509244811903635, 9.247094972128878)
3394;20128;2;17;ADRIANO;9.250100272629222;45.512583957024304;(45.512583957024304, 9.250100272629222)
344;20138;4;30;TALIEDO - MORSENCHIO - Q.RE FORLANINI;9.251194451160725;45.44591021582705;(45.44591021582705, 9.251194451160725)
5868;20153;7;63;FIGINO;9.077580127276693;45.49152406594276;(45.49152406594276, 9.077580127276693)
2563;20152;7;55;BAGGIO - Q.RE DEGLI OLMI - Q.RE VALSESIA;9.095526321249107;45.456778313470835;(45.456778313470835, 9.095526321249107)
2564;20152;7;55;BAGGIO - Q.RE DEGLI OLMI - Q.RE VALSESIA;9.095650251356165;45.453646644929044;(45.453646644929044, 9.095650251356165)
264;20151;8;65;Q.RE GALLARATESE - Q.RE SAN LEONARDO - LAMPUGNANO;9.097174009564043;45.502834073442635;(45.502834073442635, 9.097174009564043)
7084;20152;6;53;LORENTEGGIO;9.106742745390203;45.45213979732108;(45.45213979732108, 9.106742745390203)
5410;20152;7;56;FORZE ARMATE;9.101768783288446;45.45352565309072;(45.45352565309072, 9.101768783288446)
55;20153;7;88;PARCO BOSCO IN CITTA';9.105708713061622;45.47852034736091;(45.47852034736091, 9.105708713061622)
58;20151;7;88;PARCO BOSCO IN CITTA';9.105808570566255;45.484281079408326;(45.484281079408326, 9.105808570566255)
65;20152;7;56;FORZE ARMATE;9.113421513414622;45.45583542677361;(45.45583542677361, 9.113421513414622)
4184;20152;7;56;FORZE ARMATE;9.115187429269376;45.456559738632784;(45.456559738632784, 9.115187429269376)
2565;20152;7;56;FORZE ARMATE;9.117526225024564;45.45820672331346;(45.45820672331346, 9.117526225024564)
5405;20157;8;75;STEPHENSON;9.120053683875605;45.51133176255299;(45.51133176255299, 9.120053683875605)
5395;20147;7;56;FORZE ARMATE;9.122172976065244;45.46784297041395;(45.46784297041395, 9.122172976065244)
333;20156;8;72;MAGGIORE - MUSOCCO - CERTOSA;9.126387028657986;45.50680475829676;(45.50680475829676, 9.126387028657986)
124;20147;7;56;FORZE ARMATE;9.126712685781785;45.46102191689051;(45.46102191689051, 9.126712685781785)
513;20147;6;56;FORZE ARMATE;9.128676207274394;45.46021000924248;(45.46021000924248, 9.128676207274394)
5836;20151;7;60;STADIO - IPPODROMI;9.129595642747356;45.47673005437798;(45.47673005437798, 9.129595642747356)
518;20148;8;66;QT 8;9.130758323519693;45.48995734876432;(45.48995734876432, 9.130758323519693)
3406;20157;8;76;QUARTO OGGIARO - VIALBA - MUSOCCO;9.131238085116806;45.515613097201154;(45.515613097201154, 9.131238085116806)
115;20157;8;76;QUARTO OGGIARO - VIALBA - MUSOCCO;9.132803221327949;45.51925246911193;(45.51925246911193, 9.132803221327949)
36318;20146;6;49;GIAMBELLINO;9.135116057035171;45.446968931274704;(45.446968931274704, 9.135116057035171)
41;20148;7;60;STADIO - IPPODROMI;9.13510783332147;45.47405017829933;(45.47405017829933, 9.13510783332147)
4188;20148;8;66;QT 8;9.138068251331015;45.48352386055026;(45.48352386055026, 9.138068251331015)
27;20142;6;48;RONCHETTO SUL NAVIGLIO - Q.RE LODOVICO IL MORO;9.141457047543549;45.436301624548015;(45.436301624548015, 9.141457047543549)
28;20142;6;48;RONCHETTO SUL NAVIGLIO - Q.RE LODOVICO IL MORO;9.141667201667605;45.43464566870962;(45.43464566870962, 9.141667201667605)
3765;20146;6;52;BANDE NERE;9.141901279038574;45.45320186641282;(45.45320186641282, 9.141901279038574)
5837;20157;8;76;QUARTO OGGIARO - VIALBA - MUSOCCO;9.144777159530136;45.50769613340706;(45.50769613340706, 9.144777159530136)
4179;20157;8;76;QUARTO OGGIARO - VIALBA - MUSOCCO;9.140843674466266;45.51328086438255;(45.51328086438255, 9.140843674466266)
424;20157;8;76;QUARTO OGGIARO - VIALBA - MUSOCCO;9.144800685546205;45.51539010974115;(45.51539010974115, 9.144800685546205)
442;20149;8;58;DE ANGELI - MONTE ROSA;9.151268771263613;45.47513711990156;(45.47513711990156, 9.151268771263613)
3397;20142;6;46;BARONA;9.154804302071225;45.43512980898322;(45.43512980898322, 9.154804302071225)
135;20144;7;51;PORTA MAGENTA;9.160346403261615;45.46073323388619;(45.46073323388619, 9.160346403261615)
435;20154;8;69;SARPI;9.165037455585596;45.483367498254424;(45.483367498254424, 9.165037455585596)
429;20154;8;70;GHISOLFA;9.161537748112353;45.487849326737425;(45.487849326737425, 9.161537748112353)
3420;20155;8;70;GHISOLFA;9.159709832610961;45.48989325917465;(45.48989325917465, 9.159709832610961)
3405;20155;8;70;GHISOLFA;9.162172459126307;45.49024069109121;(45.49024069109121, 9.162172459126307)
35918;20161;9;80;AFFORI;9.162472087505684;45.51438664200338;(45.51438664200338, 9.162472087505684)
126;20161;9;81;BOVISASCA;9.164261923597005;45.52213206720902;(45.52213206720902, 9.164261923597005)
12;20142;6;45;MONCUCCO - SAN CRISTOFORO;9.169539715239639;45.43851128066973;(45.43851128066973, 9.169539715239639)
145;20158;9;77;BOVISA;9.169460190447518;45.50369315552104;(45.50369315552104, 9.169460190447518)
540;20142;5;42;STADERA - CHIESA ROSSA - Q.RE TORRETTA - CONCA FALLATA;9.174180496742368;45.42549567955931;(45.42549567955931, 9.174180496742368)
38319;20141;5;42;STADERA - CHIESA ROSSA - Q.RE TORRETTA - CONCA FALLATA;9.176120165475485;45.43161578510468;(45.43161578510468, 9.176120165475485)
2156;20141;5;43;TIBALDI;9.177904451807276;45.437885953056266;(45.437885953056266, 9.177904451807276)
143;20158;9;79;DERGANO;9.178607095597135;45.49902872273565;(45.49902872273565, 9.178607095597135)
3402;20161;9;80;AFFORI;9.172861593400844;45.510745418930725;(45.510745418930725, 9.172861593400844)
3434;20161;9;80;AFFORI;9.17583742332856;45.51538329581236;(45.51538329581236, 9.17583742332856)
2157;20141;5;43;TIBALDI;9.181899242047713;45.43771615083965;(45.43771615083965, 9.181899242047713)
29;20136;5;6;PORTA TICINESE - CONCA DEL NAVIGLIO;9.183034715552555;45.44753743307512;(45.44753743307512, 9.183034715552555)
399;20123;1;6;PORTA TICINESE - CONCA DEL NAVIGLIO;9.18196431160038;45.4559622979077;(45.4559622979077, 9.18196431160038)
400;20122;1;6;PORTA TICINESE - CONCA DEL NAVIGLIO;9.183873231389649;45.45366632241225;(45.45366632241225, 9.183873231389649)
13888;20121;1;8;PARCO SEMPIONE;9.180125758383133;45.47355915625175;(45.47355915625175, 9.180125758383133)
285;20136;5;5;PORTA VIGENTINA - PORTA LODOVICA;9.190868639529006;45.446468924569764;(45.446468924569764, 9.190868639529006)
3399;20154;9;9;PORTA GARIBALDI - PORTA NUOVA;9.188064591348217;45.48539892897936;(45.48539892897936, 9.188064591348217)
478;20159;9;79;DERGANO;9.185683600220548;45.49769052054656;(45.49769052054656, 9.185683600220548)
4212;20159;9;12;MACIACHINI - MAGGIOLINA;9.188751751197247;45.49839255229587;(45.49839255229587, 9.188751751197247)
314;20162;9;14;NIGUARDA - CA' GRANDA - PRATO CENTENARO - Q.RE FULVIO TESTI;9.190581710668148;45.51011886377476;(45.51011886377476, 9.190581710668148)
1745;20162;9;14;NIGUARDA - CA' GRANDA - PRATO CENTENARO - Q.RE FULVIO TESTI;9.191507328391245;45.514403850174304;(45.514403850174304, 9.191507328391245)
28716;20136;5;5;PORTA VIGENTINA - PORTA LODOVICA;9.191885807517012;45.448423903915526;(45.448423903915526, 9.191885807517012)
379;20122;1;4;GUASTALLA;9.196858481260225;45.46025499279426;(45.46025499279426, 9.196858481260225)
152;20121;1;2;BRERA;9.192090330956216;45.472046336858895;(45.472046336858895, 9.192090330956216)
139;20159;9;12;MACIACHINI - MAGGIOLINA;9.196149829375985;45.501225016439555;(45.501225016439555, 9.196149829375985)
509;20121;1;3;GIARDINI P.TA VENEZIA;9.200284748246181;45.47471539940207;(45.47471539940207, 9.200284748246181)
359;20125;2;10;STAZIONE CENTRALE - PONTE SEVESO;9.202600326579551;45.485166359804126;(45.485166359804126, 9.202600326579551)
3359;20141;5;85;PARCO DELLE ABBAZIE;9.205637211124568;45.40135271621435;(45.40135271621435, 9.205637211124568)
3415;20162;9;14;NIGUARDA - CA' GRANDA - PRATO CENTENARO - Q.RE FULVIO TESTI;9.210387040053295;45.52458261179105;(45.52458261179105, 9.210387040053295)
4172;20135;4;26;XXII MARZO;9.215945081698468;45.46047281227566;(45.46047281227566, 9.215945081698468)
361;20124;3;21;BUENOS AIRES - PORTA VENEZIA - PORTA MONFORTE;9.2147361330658;45.484392794659335;(45.484392794659335, 9.2147361330658)
7090;20126;9;15;BICOCCA;9.21476835268415;45.51634998814369;(45.51634998814369, 9.21476835268415)
2960;20139;4;35;LODI - CORVETTO;9.221964123722147;45.443090457406555;(45.443090457406555, 9.221964123722147)
4182;20139;4;35;LODI - CORVETTO;9.219392914934826;45.44582488975502;(45.44582488975502, 9.219392914934826)
4573;20139;4;35;LODI - CORVETTO;9.222003929201081;45.44497852997784;(45.44497852997784, 9.222003929201081)
410;20137;4;28;UMBRIA - MOLISE - CALVAIRATE;9.220152011314488;45.45270419540923;(45.45270419540923, 9.220152011314488)
3409;20133;3;21;BUENOS AIRES - PORTA VENEZIA - PORTA MONFORTE;9.21954147227489;45.476865537609086;(45.476865537609086, 9.21954147227489)
2959;20133;3;22;CITTA' STUDI;9.224378722768318;45.47797078786458;(45.47797078786458, 9.224378722768318)
354;20131;3;21;BUENOS AIRES - PORTA VENEZIA - PORTA MONFORTE;9.220496287231018;45.484104982204634;(45.484104982204634, 9.220496287231018)
3385;20137;4;29;ORTOMERCATO;9.226560045998443;45.449486827932915;(45.449486827932915, 9.226560045998443)
3384;20137;4;29;ORTOMERCATO;9.226773937395958;45.450035570653725;(45.450035570653725, 9.226773937395958)
156;20133;4;25;CORSICA;9.230011518142595;45.467473476962404;(45.467473476962404, 9.230011518142595)
5823;20133;3;22;CITTA' STUDI;9.226186594878879;45.479065308511196;(45.479065308511196, 9.226186594878879)
496;20131;3;20;LORETO - CASORETTO - NOLO;9.230288909552021;45.492216615102706;(45.492216615102706, 9.230288909552021)
500;20127;2;19;PADOVA - TURRO - CRESCENZAGO;9.227177277942474;45.50316636719877;(45.50316636719877, 9.227177277942474)
16;20139;5;34;CHIARAVALLE;9.239553358739158;45.417395497683714;(45.417395497683714, 9.239553358739158)
5384;20138;4;30;TALIEDO - MORSENCHIO - Q.RE FORLANINI;9.242317537921464;45.46155917275832;(45.46155917275832, 9.242317537921464)
3421;20134;3;23;LAMBRATE - ORTICA;9.24403115888183;45.485329643727795;(45.485329643727795, 9.24403115888183)
165;20138;4;30;TALIEDO - MORSENCHIO - Q.RE FORLANINI;9.245118703736093;45.46035102699816;(45.46035102699816, 9.245118703736093)
28321;20138;4;30;TALIEDO - MORSENCHIO - Q.RE FORLANINI;9.246293601672427;45.46146824948511;(45.46146824948511, 9.246293601672427)
345;20138;4;30;TALIEDO - MORSENCHIO - Q.RE FORLANINI;9.254758916536769;45.447022608576034;(45.447022608576034, 9.254758916536769)
341;20138;4;31;MONLUE' - PONTE LAMBRO;9.254544820917676;45.456009595302426;(45.456009595302426, 9.254544820917676)
484;20134;3;18;CIMIANO - ROTTOLE - Q.RE FELTRE;9.252472555535705;45.49815304787454;(45.49815304787454, 9.252472555535705)
29117;20128;2;17;ADRIANO;9.251664091290609;45.519031770239465;(45.519031770239465, 9.251664091290609)
3364;20138;4;31;MONLUE' - PONTE LAMBRO;9.263747585215345;45.442915424059905;(45.442915424059905, 9.263747585215345)
349;20134;4;24;PARCO FORLANINI - CAVRIANO;9.264883211239422;45.464721307112235;(45.464721307112235, 9.264883211239422)
1;20153;7;62;QUINTO ROMANO;9.08857094812888;45.475793277540824;(45.475793277540824, 9.08857094812888)
5407;20152;6;53;LORENTEGGIO;9.104075763359273;45.45100463400172;(45.45100463400172, 9.104075763359273)
62;20151;7;88;PARCO BOSCO IN CITTA';9.10349803671518;45.48762326906397;(45.48762326906397, 9.10349803671518)
5845;20152;7;56;FORZE ARMATE;9.11052883230581;45.456589030016154;(45.456589030016154, 9.11052883230581)
3372;20153;7;61;QUARTO CAGNINO;9.108185126995652;45.47499321297591;(45.47499321297591, 9.108185126995652)
132;20157;8;74;ROSERIO;9.119606835552124;45.51726742299962;(45.51726742299962, 9.119606835552124)
3764;20147;6;53;LORENTEGGIO;9.132676895325337;45.45325138214372;(45.45325138214372, 9.132676895325337)
332;20157;8;76;QUARTO OGGIARO - VIALBA - MUSOCCO;9.132202881774019;45.510265371597;(45.510265371597, 9.132202881774019)
5833;20148;7;60;STADIO - IPPODROMI;9.137746719650957;45.47625410232226;(45.47625410232226, 9.137746719650957)
24713;20156;8;71;VILLAPIZZONE - CAGNOLA - BOLDINASCO;9.13649283648319;45.50479528354785;(45.50479528354785, 9.13649283648319)
5865;20157;8;76;QUARTO OGGIARO - VIALBA - MUSOCCO;9.133542539481251;45.50910140031047;(45.50910140031047, 9.133542539481251)
114;20143;6;48;RONCHETTO SUL NAVIGLIO - Q.RE LODOVICO IL MORO;9.13965977572011;45.444145284489615;(45.444145284489615, 9.13965977572011)
3423;20149;8;71;VILLAPIZZONE - CAGNOLA - BOLDINASCO;9.14590059900364;45.48730499557904;(45.48730499557904, 9.14590059900364)
2963;20156;8;71;VILLAPIZZONE - CAGNOLA - BOLDINASCO;9.140203774801243;45.500672494774896;(45.500672494774896, 9.140203774801243)
443;20149;7;58;DE ANGELI - MONTE ROSA;9.148861821341825;45.47289288048247;(45.47289288048247, 9.148861821341825)
108;20155;8;71;VILLAPIZZONE - CAGNOLA - BOLDINASCO;9.151754298842366;45.49704005786174;(45.49704005786174, 9.151754298842366)
480;20156;8;71;VILLAPIZZONE - CAGNOLA - BOLDINASCO;9.147962348238845;45.49926740695274;(45.49926740695274, 9.147962348238845)
25113;20157;8;76;QUARTO OGGIARO - VIALBA - MUSOCCO;9.148748389730246;45.513322254634865;(45.513322254634865, 9.148748389730246)
4185;20157;9;81;BOVISASCA;9.15246952776967;45.51448338269313;(45.51448338269313, 9.15246952776967)
528;20146;6;49;GIAMBELLINO;9.153447056822822;45.45250467521498;(45.45250467521498, 9.153447056822822)
448;20144;6;50;PORTA GENOVA;9.15860375620822;45.45323810806546;(45.45323810806546, 9.15860375620822)
405;20146;7;51;PORTA MAGENTA;9.15328564383771;45.46095905144376;(45.46095905144376, 9.15328564383771)
5388;20145;8;59;TRE TORRI;9.155150723428973;45.47552822812433;(45.47552822812433, 9.155150723428973)
5830;20145;8;59;TRE TORRI;9.158345013489392;45.47617016244376;(45.47617016244376, 9.158345013489392)
426;20161;9;81;BOVISASCA;9.156441471151343;45.51713969058501;(45.51713969058501, 9.156441471151343)
20;20142;6;46;BARONA;9.163469758298987;45.43165499796543;(45.43165499796543, 9.163469758298987)
33919;20144;6;50;PORTA GENOVA;9.165186014035388;45.457783680871415;(45.457783680871415, 9.165186014035388)
2173;20145;8;68;PAGANO;9.16020254189124;45.47463846019263;(45.47463846019263, 9.16020254189124)
440;20145;8;68;PAGANO;9.160998858408055;45.47774759843004;(45.47774759843004, 9.160998858408055)
5418;20155;8;70;GHISOLFA;9.16141981295041;45.494878446782785;(45.494878446782785, 9.16141981295041)
339;20142;5;41;GRATOSOGLIO - Q.RE MISSAGLIA - Q.RE TERRAZZE;9.168980148637996;45.41407562216043;(45.41407562216043, 9.168980148637996)
945;20142;5;42;STADERA - CHIESA ROSSA - Q.RE TORRETTA - CONCA FALLATA;9.168494145100633;45.42498598563707;(45.42498598563707, 9.168494145100633)
536;20123;1;7;MAGENTA - S. VITTORE;9.170238076778446;45.46619904434114;(45.46619904434114, 9.170238076778446)
2176;20161;9;83;BRUZZANO;9.17092750290004;45.52886713663653;(45.52886713663653, 9.17092750290004)
4215;20161;9;83;BRUZZANO;9.171077700060037;45.53054686533517;(45.53054686533517, 9.171077700060037)
31;20141;5;43;TIBALDI;9.178328846506952;45.44053821167032;(45.44053821167032, 9.178328846506952)
20710;20123;1;1;DUOMO;9.178089866560123;45.46473032685932;(45.46473032685932, 9.178089866560123)
28314;20158;9;79;DERGANO;9.173653311301491;45.500719861638515;(45.500719861638515, 9.173653311301491)
335;20158;9;79;DERGANO;9.172458646098583;45.50646555364727;(45.50646555364727, 9.172458646098583)
2147;20161;9;80;AFFORI;9.175008489371594;45.50766106361663;(45.50766106361663, 9.175008489371594)
10285;20161;9;83;BRUZZANO;9.175502699297178;45.524307410100114;(45.524307410100114, 9.175502699297178)
324;20161;9;83;BRUZZANO;9.174368147149565;45.52653476928569;(45.52653476928569, 9.174368147149565)
2158;20142;5;40;RONCHETTO DELLE RANE;9.180814581681114;45.40273866784504;(45.40273866784504, 9.180814581681114)
35;20141;5;42;STADERA - CHIESA ROSSA - Q.RE TORRETTA - CONCA FALLATA;9.183835774690074;45.433489292497754;(45.433489292497754, 9.183835774690074)
375;20121;1;2;BRERA;9.185040345760815;45.46930459638626;(45.46930459638626, 9.185040345760815)
151;20121;1;2;BRERA;9.183005687537886;45.47140959987305;(45.47140959987305, 9.183005687537886)
2560;20121;1;2;BRERA;9.183942039010965;45.476487665834455;(45.476487665834455, 9.183942039010965)
7884;20154;8;69;SARPI;9.180181792511268;45.48476282759094;(45.48476282759094, 9.180181792511268)
2177;20159;9;11;ISOLA;9.185361014173617;45.492766615965984;(45.492766615965984, 9.185361014173617)
10287;20158;9;79;DERGANO;9.182345417230957;45.49896065403198;(45.49896065403198, 9.182345417230957)
325;20161;9;84;PARCO NORD;9.183346705865523;45.52522487082851;(45.52522487082851, 9.183346705865523)
282;20141;5;37;MORIVIONE;9.191245685767052;45.43926742509631;(45.43926742509631, 9.191245685767052)
29127;20136;5;5;PORTA VIGENTINA - PORTA LODOVICA;9.189384836772463;45.44852551245691;(45.44852551245691, 9.189384836772463)
511;20121;1;3;GIARDINI P.TA VENEZIA;9.197799480860345;45.47386956318109;(45.47386956318109, 9.197799480860345)
29130;20154;9;9;PORTA GARIBALDI - PORTA NUOVA;9.19231662250479;45.48357975157091;(45.48357975157091, 9.19231662250479)
3417;20162;9;14;NIGUARDA - CA' GRANDA - PRATO CENTENARO - Q.RE FULVIO TESTI;9.19665283505866;45.52007634113156;(45.52007634113156, 9.19665283505866)
4572;20141;5;38;VIGENTINO - Q.RE FATIMA;9.201748276242599;45.42491516093036;(45.42491516093036, 9.201748276242599)
133;20141;5;37;MORIVIONE;9.19842263007357;45.43732035702978;(45.43732035702978, 9.19842263007357)
3388;20122;1;4;GUASTALLA;9.204534771854712;45.4597891703376;(45.4597891703376, 9.204534771854712)
14298;20121;1;3;GIARDINI P.TA VENEZIA;9.20112685019311;45.473466220800596;(45.473466220800596, 9.20112685019311)
123;20141;5;38;VIGENTINO - Q.RE FATIMA;9.208998931541998;45.42755639382993;(45.42755639382993, 9.208998931541998)
180;20135;4;26;XXII MARZO;9.209079986226177;45.45489256534144;(45.45489256534144, 9.209079986226177)
4243;20129;3;21;BUENOS AIRES - PORTA VENEZIA - PORTA MONFORTE;9.211095824640841;45.46832048587083;(45.46832048587083, 9.211095824640841)
532;20129;3;21;BUENOS AIRES - PORTA VENEZIA - PORTA MONFORTE;9.210866801474259;45.476700997770855;(45.476700997770855, 9.210866801474259)
415;20124;3;21;BUENOS AIRES - PORTA VENEZIA - PORTA MONFORTE;9.209934795044772;45.482384287794524;(45.482384287794524, 9.209934795044772)
36319;20124;2;10;STAZIONE CENTRALE - PONTE SEVESO;9.206624092860759;45.48582193221257;(45.48582193221257, 9.206624092860759)
4165;20125;2;13;GRECO - SEGNANO;9.20876032533565;45.497101192989625;(45.497101192989625, 9.20876032533565)
3367;20137;4;28;UMBRIA - MOLISE - CALVAIRATE;9.214142405794137;45.44643966785468;(45.44643966785468, 9.214142405794137)
517;20129;3;21;BUENOS AIRES - PORTA VENEZIA - PORTA MONFORTE;9.211780653594097;45.477552470146975;(45.477552470146975, 9.211780653594097)
319;20125;2;13;GRECO - SEGNANO;9.211970660790286;45.50211942139358;(45.50211942139358, 9.211970660790286)
2167;20126;2;16;GORLA - PRECOTTO;9.21748132919052;45.511512355333;(45.511512355333, 9.21748132919052)
3366;20137;4;28;UMBRIA - MOLISE - CALVAIRATE;9.224039685161472;45.45102801254439;(45.45102801254439, 9.224039685161472)
3438;20137;4;28;UMBRIA - MOLISE - CALVAIRATE;9.220038257886875;45.45324631108356;(45.45324631108356, 9.220038257886875)
173;20137;4;28;UMBRIA - MOLISE - CALVAIRATE;9.220766912387939;45.45482926979094;(45.45482926979094, 9.220766912387939)
491;20131;3;20;LORETO - CASORETTO - NOLO;9.223647463047081;45.48884418397314;(45.48884418397314, 9.223647463047081)
14286;20127;2;20;LORETO - CASORETTO - NOLO;9.2234278909102;45.492641361883486;(45.492641361883486, 9.2234278909102)
169;20137;4;29;ORTOMERCATO;9.228920347324513;45.45326275451832;(45.45326275451832, 9.228920347324513)
485;20131;3;22;CITTA' STUDI;9.226363058772709;45.48449156416582;(45.48449156416582, 9.226363058772709)
503;20132;3;23;LAMBRATE - ORTICA;9.237218639714;45.48604848367341;(45.48604848367341, 9.237218639714)
4170;20132;3;18;CIMIANO - ROTTOLE - Q.RE FELTRE;9.233638281180783;45.49356635878923;(45.49356635878923, 9.233638281180783)
170;20138;4;30;TALIEDO - MORSENCHIO - Q.RE FORLANINI;9.23990822492906;45.455268805483975;(45.455268805483975, 9.23990822492906)
351;20134;4;24;PARCO FORLANINI - CAVRIANO;9.25855366339242;45.46463407228803;(45.46463407228803, 9.25855366339242)
350;20134;4;24;PARCO FORLANINI - CAVRIANO;9.261756867519738;45.465588240924326;(45.465588240924326, 9.261756867519738)
11085;20151;8;64;TRENNO;9.098562090579966;45.49238514264037;(45.49238514264037, 9.098562090579966)
4241;20152;7;88;PARCO BOSCO IN CITTA';9.102234525393873;45.46311825005601;(45.46311825005601, 9.102234525393873)
3414;20153;7;61;QUARTO CAGNINO;9.106527423974967;45.47117143124519;(45.47117143124519, 9.106527423974967)
5867;20156;8;72;MAGGIORE - MUSOCCO - CERTOSA;9.102482413797937;45.512737353723665;(45.512737353723665, 9.102482413797937)
52;20153;7;56;FORZE ARMATE;9.112587975914057;45.470007762429375;(45.470007762429375, 9.112587975914057)
64;20151;8;65;Q.RE GALLARATESE - Q.RE SAN LEONARDO - LAMPUGNANO;9.115078368690567;45.490892881908046;(45.490892881908046, 9.115078368690567)
66;20147;6;53;LORENTEGGIO;9.121648321510166;45.45234123104463;(45.45234123104463, 9.121648321510166)
44;20148;7;60;STADIO - IPPODROMI;9.122011803167473;45.47465439595745;(45.47465439595745, 9.122011803167473)
3431;20151;8;65;Q.RE GALLARATESE - Q.RE SAN LEONARDO - LAMPUGNANO;9.122274462529965;45.49349538798848;(45.49349538798848, 9.122274462529965)
2962;20156;8;72;MAGGIORE - MUSOCCO - CERTOSA;9.128514965385616;45.50252139738909;(45.50252139738909, 9.128514965385616)
43;20148;7;60;STADIO - IPPODROMI;9.133283749284725;45.475414826649924;(45.475414826649924, 9.133283749284725)
364;20146;6;52;BANDE NERE;9.142795568323269;45.4599844218213;(45.4599844218213, 9.142795568323269)
3424;20149;8;71;VILLAPIZZONE - CAGNOLA - BOLDINASCO;9.145153237948966;45.488412893626275;(45.488412893626275, 9.145153237948966)
3401;20157;8;76;QUARTO OGGIARO - VIALBA - MUSOCCO;9.145552011758435;45.507430333750456;(45.507430333750456, 9.145552011758435)
4239;20157;8;76;QUARTO OGGIARO - VIALBA - MUSOCCO;9.145240458614362;45.509731729126955;(45.509731729126955, 9.145240458614362)
25112;20157;8;76;QUARTO OGGIARO - VIALBA - MUSOCCO;9.14018872453683;45.51912396449863;(45.51912396449863, 9.14018872453683)
3444;20142;6;46;BARONA;9.150561351305743;45.43221027490772;(45.43221027490772, 9.150561351305743)
3767;20146;6;52;BANDE NERE;9.150663595392432;45.45539943024078;(45.45539943024078, 9.150663595392432)
2168;20156;8;71;VILLAPIZZONE - CAGNOLA - BOLDINASCO;9.15099507046223;45.49921742723599;(45.49921742723599, 9.15099507046223)
19;20143;6;45;MONCUCCO - SAN CRISTOFORO;9.155349297061107;45.43733562473136;(45.43733562473136, 9.155349297061107)
138;20146;7;51;PORTA MAGENTA;9.152938102172424;45.46477672699496;(45.46477672699496, 9.152938102172424)
436;20149;8;67;PORTELLO;9.158778904012916;45.48117369753438;(45.48117369753438, 9.158778904012916)
428;20149;8;67;PORTELLO;9.156786449635527;45.48726254151974;(45.48726254151974, 9.156786449635527)
481;20156;8;71;VILLAPIZZONE - CAGNOLA - BOLDINASCO;9.15687699485783;45.49825828704013;(45.49825828704013, 9.15687699485783)
5387;20161;9;81;BOVISASCA;9.158167615964356;45.51662323172702;(45.51662323172702, 9.158167615964356)
29119;20143;6;45;MONCUCCO - SAN CRISTOFORO;9.163645619945175;45.440788236973624;(45.440788236973624, 9.163645619945175)
136;20144;7;51;PORTA MAGENTA;9.159460948041055;45.46197661254748;(45.46197661254748, 9.159460948041055)
387;20144;7;51;PORTA MAGENTA;9.162879200047216;45.4614264452611;(45.4614264452611, 9.162879200047216)
28318;20154;8;69;SARPI;9.165319466878552;45.48732381988208;(45.48732381988208, 9.165319466878552)
323;20161;9;82;COMASINA;9.164899000849024;45.52674199712214;(45.52674199712214, 9.164899000849024)
1345;20142;5;42;STADERA - CHIESA ROSSA - Q.RE TORRETTA - CONCA FALLATA;9.169413861658613;45.428324083208906;(45.428324083208906, 9.169413861658613)
3371;20142;6;45;MONCUCCO - SAN CRISTOFORO;9.167296763493455;45.440073762995716;(45.440073762995716, 9.167296763493455)
389;20123;1;7;MAGENTA - S. VITTORE;9.167948432720989;45.46113949525781;(45.46113949525781, 9.167948432720989)
434;20154;8;69;SARPI;9.167074576507567;45.48422173787261;(45.48422173787261, 9.167074576507567)
508;20161;9;80;AFFORI;9.1668100481696;45.51715102882023;(45.51715102882023, 9.1668100481696)
3412;20161;9;83;BRUZZANO;9.166961411340164;45.528606441107655;(45.528606441107655, 9.166961411340164)
280;20141;5;42;STADERA - CHIESA ROSSA - Q.RE TORRETTA - CONCA FALLATA;9.178040649573735;45.43455376591662;(45.43455376591662, 9.178040649573735)
141;20158;9;79;DERGANO;9.176776424658657;45.498332827016;(45.498332827016, 9.176776424658657)
398;20123;5;6;PORTA TICINESE - CONCA DEL NAVIGLIO;9.179258845241101;45.45212936186777;(45.45212936186777, 9.179258845241101)
401;20123;1;1;DUOMO;9.183177258004525;45.45800148572987;(45.45800148572987, 9.183177258004525)
286;20141;5;43;TIBALDI;9.187130101335907;45.442396686352346;(45.442396686352346, 9.187130101335907)
290;20141;5;43;TIBALDI;9.185481897359073;45.443709511310274;(45.443709511310274, 9.185481897359073)
2175;20124;9;11;ISOLA;9.190933720437195;45.489140323481735;(45.489140323481735, 9.190933720437195)
352;20159;9;12;MACIACHINI - MAGGIOLINA;9.189523598270737;45.50088752527245;(45.50088752527245, 9.189523598270737)
38;20141;5;38;VIGENTINO - Q.RE FATIMA;9.197393091831637;45.43481434507393;(45.43481434507393, 9.197393091831637)
33;20135;5;27;PTA ROMANA;9.197887492032011;45.448528483046736;(45.448528483046736, 9.197887492032011)
102;20122;1;1;DUOMO;9.192938817852875;45.45944399011965;(45.45944399011965, 9.192938817852875)
382;20123;1;1;DUOMO;9.192403723103537;45.464582826769345;(45.464582826769345, 9.192403723103537)
4168;20124;9;11;ISOLA;9.1929179569339;45.4855276356581;(45.4855276356581, 9.1929179569339)
140;20125;2;12;MACIACHINI - MAGGIOLINA;9.197933772987192;45.49580061996733;(45.49580061996733, 9.197933772987192)
18306;20162;9;14;NIGUARDA - CA' GRANDA - PRATO CENTENARO - Q.RE FULVIO TESTI;9.196724812771702;45.515067337430004;(45.515067337430004, 9.196724812771702)
3368;20141;5;38;VIGENTINO - Q.RE FATIMA;9.201423457748607;45.43156540665279;(45.43156540665279, 9.201423457748607)
4183;20125;2;10;STAZIONE CENTRALE - PONTE SEVESO;9.203951001686647;45.484527770254985;(45.484527770254985, 9.203951001686647)
358;20125;2;10;STAZIONE CENTRALE - PONTE SEVESO;9.202767587127106;45.485108502008195;(45.485108502008195, 9.202767587127106)
4198;20125;2;12;MACIACHINI - MAGGIOLINA;9.200539094513223;45.49327378715718;(45.49327378715718, 9.200539094513223)
2163;20125;2;12;MACIACHINI - MAGGIOLINA;9.199959873536951;45.49857410376789;(45.49857410376789, 9.199959873536951)
4250;20162;9;14;NIGUARDA - CA' GRANDA - PRATO CENTENARO - Q.RE FULVIO TESTI;9.19971745113246;45.505612368788555;(45.505612368788555, 9.19971745113246)
3392;20139;5;36;SCALO ROMANA;9.209170792583274;45.43840858092532;(45.43840858092532, 9.209170792583274)
4211;20137;4;28;UMBRIA - MOLISE - CALVAIRATE;9.214557078978466;45.44699102604398;(45.44699102604398, 9.214557078978466)
179;20129;4;26;XXII MARZO;9.211983830508554;45.46242215989506;(45.46242215989506, 9.211983830508554)
534;20129;3;21;BUENOS AIRES - PORTA VENEZIA - PORTA MONFORTE;9.214879860969441;45.48093834508563;(45.48093834508563, 9.214879860969441)
4164;20131;2;20;LORETO - CASORETTO - NOLO;9.218038053035002;45.486312156332176;(45.486312156332176, 9.218038053035002)
2166;20127;2;20;LORETO - CASORETTO - NOLO;9.21618841081979;45.493251485564535;(45.493251485564535, 9.21618841081979)
5417;20139;4;35;LODI - CORVETTO;9.223417096096318;45.44490058013783;(45.44490058013783, 9.223417096096318)
178;20129;4;26;XXII MARZO;9.220745130739749;45.462947340624154;(45.462947340624154, 9.220745130739749)
4218;20126;2;16;GORLA - PRECOTTO;9.224601008133737;45.51381708311932;(45.51381708311932, 9.224601008133737)
4224;20139;4;35;LODI - CORVETTO;9.228393177520303;45.444473576309335;(45.444473576309335, 9.228393177520303)
3383;20137;4;29;ORTOMERCATO;9.227823936064864;45.44956254790854;(45.44956254790854, 9.227823936064864)
482;20133;3;22;CITTA' STUDI;9.229683878856575;45.47360149032774;(45.47360149032774, 9.229683878856575)
3437;20133;3;22;CITTA' STUDI;9.225104308124147;45.47824836653595;(45.47824836653595, 9.225104308124147)
4221;20133;3;22;CITTA' STUDI;9.237660630299365;45.47226446539422;(45.47226446539422, 9.237660630299365)
494;20133;3;22;CITTA' STUDI;9.234237067829039;45.480087630152966;(45.480087630152966, 9.234237067829039)
486;20131;3;22;CITTA' STUDI;9.23323244599844;45.48577606218276;(45.48577606218276, 9.23323244599844)
28322;20128;2;16;GORLA - PRECOTTO;9.234033372758953;45.50464135766551;(45.50464135766551, 9.234033372758953)
4200;20138;4;32;TRIULZO SUPERIORE;9.244042894043215;45.43075673058631;(45.43075673058631, 9.244042894043215)
5392;20138;4;33;ROGOREDO - SANTA GIULIA;9.242682308775539;45.438507942401415;(45.438507942401415, 9.242682308775539)
4228;20128;2;17;ADRIANO;9.24034580428872;45.51502087130402;(45.51502087130402, 9.24034580428872)
544;20128;2;17;ADRIANO;9.248176425403896;45.51029849307914;(45.51029849307914, 9.248176425403896)
542;20128;2;17;ADRIANO;9.248397980713495;45.51907027768473;(45.51907027768473, 9.248397980713495)
291;20138;4;32;TRIULZO SUPERIORE;9.251286399899218;45.42740018746535;(45.42740018746535, 9.251286399899218)
5382;20138;4;31;MONLUE' - PONTE LAMBRO;9.26283279861634;45.44169709769631;(45.44169709769631, 9.26283279861634)
28315;20134;3;24;PARCO FORLANINI - CAVRIANO;9.261667773580017;45.470844270171995;(45.470844270171995, 9.261667773580017)
5408;20152;6;53;LORENTEGGIO;9.10217128921499;45.45024363016446;(45.45024363016446, 9.10217128921499)
5396;20152;6;53;LORENTEGGIO;9.105584949224813;45.45160880755367;(45.45160880755367, 9.105584949224813)
68;20152;7;56;FORZE ARMATE;9.102930773462786;45.4600193366176;(45.4600193366176, 9.102930773462786)
304;20151;8;64;TRENNO;9.101280288656735;45.49186760041309;(45.49186760041309, 9.101280288656735)
8285;20151;8;72;MAGGIORE - MUSOCCO - CERTOSA;9.101844811457044;45.50892087549501;(45.50892087549501, 9.101844811457044)
5828;20151;7;88;PARCO BOSCO IN CITTA';9.107158175148795;45.48779885331103;(45.48779885331103, 9.107158175148795)
4220;20151;8;65;Q.RE GALLARATESE - Q.RE SAN LEONARDO - LAMPUGNANO;9.107254632721927;45.49525577209295;(45.49525577209295, 9.107254632721927)
407;20152;6;49;GIAMBELLINO;9.116232915296385;45.44322345484844;(45.44322345484844, 9.116232915296385)
3411;20151;8;65;Q.RE GALLARATESE - Q.RE SAN LEONARDO - LAMPUGNANO;9.117400505514393;45.49319424494077;(45.49319424494077, 9.117400505514393)
7885;20153;7;60;STADIO - IPPODROMI;9.121124683578058;45.476317841249696;(45.476317841249696, 9.121124683578058)
49;20148;7;60;STADIO - IPPODROMI;9.128510540669081;45.480554336316196;(45.480554336316196, 9.128510540669081)
300;20148;8;66;QT 8;9.13587923238722;45.48620781254763;(45.48620781254763, 9.13587923238722)
367;20148;7;52;BANDE NERE;9.141970406107538;45.467258987948426;(45.467258987948426, 9.141970406107538)
28717;20149;7;57;SAN SIRO;9.144568556512949;45.4704629857824;(45.4704629857824, 9.144568556512949)
42;20148;7;57;SAN SIRO;9.143032232000115;45.472445521221076;(45.472445521221076, 9.143032232000115)
28719;20148;7;57;SAN SIRO;9.140950967540794;45.47765751151636;(45.47765751151636, 9.140950967540794)
5831;20148;8;58;DE ANGELI - MONTE ROSA;9.143218381025424;45.47995647487739;(45.47995647487739, 9.143218381025424)
3418;20142;6;46;BARONA;9.146381950765695;45.4323246479486;(45.4323246479486, 9.146381950765695)
48;20149;7;58;DE ANGELI - MONTE ROSA;9.146447705947605;45.47241494209302;(45.47241494209302, 9.146447705947605)
273;20151;8;71;VILLAPIZZONE - CAGNOLA - BOLDINASCO;9.14625145930953;45.49181129653095;(45.49181129653095, 9.14625145930953)
5385;20142;6;46;BARONA;9.153194726089211;45.427896857110774;(45.427896857110774, 9.153194726089211)
5844;20142;6;46;BARONA;9.1571942354985;45.433532477079346;(45.433532477079346, 9.1571942354985)
109;20156;8;71;VILLAPIZZONE - CAGNOLA - BOLDINASCO;9.152997754186938;45.49964759264049;(45.49964759264049, 9.152997754186938)
147;20158;9;77;BOVISA;9.16491716480296;45.5023851956199;(45.5023851956199, 9.16491716480296)
24;20142;5;42;STADERA - CHIESA ROSSA - Q.RE TORRETTA - CONCA FALLATA;9.170449049588067;45.43384090564458;(45.43384090564458, 9.170449049588067)
4219;20142;5;42;STADERA - CHIESA ROSSA - Q.RE TORRETTA - CONCA FALLATA;9.170812049237808;45.430875913482545;(45.430875913482545, 9.170812049237808)
537;20123;1;7;MAGENTA - S. VITTORE;9.168754609062576;45.46919023925781;(45.46919023925781, 9.168754609062576)
5822;20158;9;79;DERGANO;9.171307878569033;45.5043689138373;(45.5043689138373, 9.171307878569033)
4175;20158;9;79;DERGANO;9.17161114231372;45.50612854452096;(45.50612854452096, 9.17161114231372)
127;20161;9;80;AFFORI;9.16999685320909;45.51727182749391;(45.51727182749391, 9.16999685320909)
5397;20161;9;82;COMASINA;9.167413974774272;45.52478564604475;(45.52478564604475, 9.167413974774272)
11;20142;5;41;GRATOSOGLIO - Q.RE MISSAGLIA - Q.RE TERRAZZE;9.172294824262254;45.41659653799173;(45.41659653799173, 9.172294824262254)
402;20144;6;44;PORTA TICINESE - CONCHETTA;9.17358849817604;45.45532604770916;(45.45532604770916, 9.17358849817604)
447;20154;1;8;PARCO SEMPIONE;9.173764559028003;45.474262191466636;(45.474262191466636, 9.173764559028003)
316;20158;9;79;DERGANO;9.177646480738048;45.504194181743365;(45.504194181743365, 9.177646480738048)
4574;20161;9;83;BRUZZANO;9.177555487796065;45.52660021280532;(45.52660021280532, 9.177555487796065)
539;20142;5;40;RONCHETTO DELLE RANE;9.18232880357469;45.4012041485202;(45.4012041485202, 9.18232880357469)
3361;20142;5;42;STADERA - CHIESA ROSSA - Q.RE TORRETTA - CONCA FALLATA;9.179185797072693;45.42304429403183;(45.42304429403183, 9.179185797072693)
2159;20141;5;42;STADERA - CHIESA ROSSA - Q.RE TORRETTA - CONCA FALLATA;9.180979501492814;45.43250092830579;(45.43250092830579, 9.180979501492814)
477;20121;1;1;DUOMO;9.181755448163369;45.46759865470001;(45.46759865470001, 9.181755448163369)
3369;20159;9;78;FARINI;9.179533925352988;45.49668614365606;(45.49668614365606, 9.179533925352988)
317;20161;9;80;AFFORI;9.180806598086184;45.50692785540932;(45.50692785540932, 9.180806598086184)
29126;20136;5;5;PORTA VIGENTINA - PORTA LODOVICA;9.188114308223891;45.449277791375586;(45.449277791375586, 9.188114308223891)
134;20136;5;5;PORTA VIGENTINA - PORTA LODOVICA;9.190615499158977;45.449162626323854;(45.449162626323854, 9.190615499158977)
531;20141;5;38;VIGENTINO - Q.RE FATIMA;9.195433632279203;45.43400727944954;(45.43400727944954, 9.195433632279203)
3398;20141;5;38;VIGENTINO - Q.RE FATIMA;9.197990880571586;45.43080728230747;(45.43080728230747, 9.197990880571586)
390;20122;1;5;PORTA VIGENTINA - PORTA LODOVICA;9.194232647647741;45.45377540696881;(45.45377540696881, 9.194232647647741)
7082;20122;1;1;DUOMO;9.194808762801276;45.464149628347464;(45.464149628347464, 9.194808762801276)
4166;20124;2;10;STAZIONE CENTRALE - PONTE SEVESO;9.196693613841402;45.47933910706437;(45.47933910706437, 9.196693613841402)
8685;20124;9;9;PORTA GARIBALDI - PORTA NUOVA;9.194158810003302;45.482762344119095;(45.482762344119095, 9.194158810003302)
4232;20162;9;14;NIGUARDA - CA' GRANDA - PRATO CENTENARO - Q.RE FULVIO TESTI;9.195862917473276;45.52168967496844;(45.52168967496844, 9.195862917473276)
120;20141;5;38;VIGENTINO - Q.RE FATIMA;9.204268202065437;45.430603619313466;(45.430603619313466, 9.204268202065437)
362;20122;1;4;GUASTALLA;9.201601038862954;45.462490512965594;(45.462490512965594, 9.201601038862954)
327;20162;9;14;NIGUARDA - CA' GRANDA - PRATO CENTENARO - Q.RE FULVIO TESTI;9.204163659050305;45.51630210123851;(45.51630210123851, 9.204163659050305)
7085;20125;9;13;GRECO - SEGNANO;9.208788168617504;45.50853539909545;(45.50853539909545, 9.208788168617504)
13085;20137;4;28;UMBRIA - MOLISE - CALVAIRATE;9.216517623441632;45.4501385539009;(45.4501385539009, 9.216517623441632)
4235;20135;4;26;XXII MARZO;9.216462882393841;45.459456917085646;(45.459456917085646, 9.216462882393841)
4180;20139;4;35;LODI - CORVETTO;9.223822907510229;45.43722011731961;(45.43722011731961, 9.223822907510229)
4203;20135;4;26;XXII MARZO;9.220479593802906;45.461777388043714;(45.461777388043714, 9.220479593802906)
5381;20131;2;20;LORETO - CASORETTO - NOLO;9.223977424773128;45.49033687534344;(45.49033687534344, 9.223977424773128)
14288;20127;2;20;LORETO - CASORETTO - NOLO;9.22258386304566;45.49513174465835;(45.49513174465835, 9.22258386304566)
331;20126;2;16;GORLA - PRECOTTO;9.222571622735023;45.521758463965725;(45.521758463965725, 9.222571622735023)
7087;20126;2;16;GORLA - PRECOTTO;9.222960061711186;45.52237832139863;(45.52237832139863, 9.222960061711186)
3386;20137;4;29;ORTOMERCATO;9.224925390546163;45.450302268386835;(45.450302268386835, 9.224925390546163)
13887;20133;3;22;CITTA' STUDI;9.232657353377393;45.46989280911773;(45.46989280911773, 9.232657353377393)
3428;20132;3;18;CIMIANO - ROTTOLE - Q.RE FELTRE;9.237067798238707;45.495124653464565;(45.495124653464565, 9.237067798238707)
14289;20127;2;19;PADOVA - TURRO - CRESCENZAGO;9.234114571747742;45.50362762539925;(45.50362762539925, 9.234114571747742)
36320;20128;2;16;GORLA - PRECOTTO;9.235620744791932;45.515760897327425;(45.515760897327425, 9.235620744791932)
29121;20138;4;33;ROGOREDO - SANTA GIULIA;9.24062874855857;45.44226026130677;(45.44226026130677, 9.24062874855857)
488;20134;3;23;LAMBRATE - ORTICA;9.242489929423575;45.48220939192391;(45.48220939192391, 9.242489929423575)
4199;20138;4;33;ROGOREDO - SANTA GIULIA;9.246853620764526;45.431680690259604;(45.431680690259604, 9.246853620764526)
38719;20138;4;30;TALIEDO - MORSENCHIO - Q.RE FORLANINI;9.245481041137827;45.44452310621987;(45.44452310621987, 9.245481041137827)
408;20138;4;30;TALIEDO - MORSENCHIO - Q.RE FORLANINI;9.250296488591868;45.447437180184416;(45.447437180184416, 9.250296488591868)
28323;20134;3;18;CIMIANO - ROTTOLE - Q.RE FELTRE;9.246010917781856;45.488077636784595;(45.488077636784595, 9.246010917781856)
17504;20134;3;18;CIMIANO - ROTTOLE - Q.RE FELTRE;9.249529728057045;45.49828095937612;(45.49828095937612, 9.249529728057045)
307;20128;2;17;ADRIANO;9.247203111944502;45.51719320947378;(45.51719320947378, 9.247203111944502)
347;20138;4;31;MONLUE' - PONTE LAMBRO;9.265546356372548;45.444315370485306;(45.444315370485306, 9.265546356372548)
7;20152;7;55;BAGGIO - Q.RE DEGLI OLMI - Q.RE VALSESIA;9.080758697443652;45.45301726237591;(45.45301726237591, 9.080758697443652)
61;20151;7;88;PARCO BOSCO IN CITTA';9.105870830389263;45.48709357364849;(45.48709357364849, 9.105870830389263)
8286;20156;8;72;MAGGIORE - MUSOCCO - CERTOSA;9.103916017153459;45.5095290575084;(45.5095290575084, 9.103916017153459)
8287;20156;8;72;MAGGIORE - MUSOCCO - CERTOSA;9.103973614655786;45.509744255656834;(45.509744255656834, 9.103973614655786)
5838;20156;8;72;MAGGIORE - MUSOCCO - CERTOSA;9.104454019852424;45.511374257964015;(45.511374257964015, 9.104454019852424)
113;20147;6;53;LORENTEGGIO;9.130817266624764;45.45552751148572;(45.45552751148572, 9.130817266624764)
5835;20151;7;60;STADIO - IPPODROMI;9.129979518132181;45.476690024050555;(45.476690024050555, 9.129979518132181)
21512;20147;7;52;BANDE NERE;9.133362782383557;45.462930676831405;(45.462930676831405, 9.133362782383557)
40;20148;7;57;SAN SIRO;9.13723294056624;45.47204105647037;(45.47204105647037, 9.13723294056624)
2170;20148;8;66;QT 8;9.135575450579607;45.48483825442841;(45.48483825442841, 9.135575450579607)
268;20148;8;66;QT 8;9.13874119922585;45.485970319308095;(45.485970319308095, 9.13874119922585)
2562;20146;7;52;BANDE NERE;9.140327334233573;45.46096226712809;(45.46096226712809, 9.140327334233573)
2561;20146;7;52;BANDE NERE;9.140959078168526;45.460847878441186;(45.460847878441186, 9.140959078168526)
28722;20146;7;52;BANDE NERE;9.141980171006503;45.46467204850078;(45.46467204850078, 9.141980171006503)
5393;20148;8;58;DE ANGELI - MONTE ROSA;9.143810506053258;45.47954467319532;(45.47954467319532, 9.143810506053258)
10686;20157;8;76;QUARTO OGGIARO - VIALBA - MUSOCCO;9.148040890237953;45.50968274372764;(45.50968274372764, 9.148040890237953)
25;20142;6;46;BARONA;9.154492315775896;45.43170498664134;(45.43170498664134, 9.154492315775896)
21511;20144;6;50;PORTA GENOVA;9.156327161635959;45.45016896985427;(45.45016896985427, 9.156327161635959)
449;20144;6;50;PORTA GENOVA;9.159178116284343;45.455442509122804;(45.455442509122804, 9.159178116284343)
441;20145;8;59;TRE TORRI;9.156542496989292;45.47357102682542;(45.47357102682542, 9.156542496989292)
29124;20149;8;59;TRE TORRI;9.153468681674498;45.47739324600531;(45.47739324600531, 9.153468681674498)
5829;20145;8;59;TRE TORRI;9.156695763879501;45.47717978828135;(45.47717978828135, 9.156695763879501)
17502;20155;8;71;VILLAPIZZONE - CAGNOLA - BOLDINASCO;9.156717039963231;45.49660220129033;(45.49660220129033, 9.156717039963231)
5827;20142;5;41;GRATOSOGLIO - Q.RE MISSAGLIA - Q.RE TERRAZZE;9.16558916144177;45.41439341504125;(45.41439341504125, 9.16558916144177)
5842;20157;9;77;BOVISA;9.160020747079374;45.50854299110414;(45.50854299110414, 9.160020747079374)
3370;20143;6;44;PORTA TICINESE - CONCHETTA;9.166997558289694;45.44755099834871;(45.44755099834871, 9.166997558289694)
395;20144;6;50;PORTA GENOVA;9.167225882701267;45.458322424435316;(45.458322424435316, 9.167225882701267)
10685;20123;1;7;MAGENTA - S. VITTORE;9.166397528824627;45.46935212437048;(45.46935212437048, 9.166397528824627)
445;20145;1;8;PARCO SEMPIONE;9.172040259645948;45.474802678498705;(45.474802678498705, 9.172040259645948)
2172;20155;8;70;GHISOLFA;9.167203296556384;45.49206157356122;(45.49206157356122, 9.167203296556384)
3396;20158;9;79;DERGANO;9.172177202776421;45.50482998859416;(45.50482998859416, 9.172177202776421)
130;20161;9;80;AFFORI;9.171549110519319;45.51655030598404;(45.51655030598404, 9.171549110519319)
9;20142;5;41;GRATOSOGLIO - Q.RE MISSAGLIA - Q.RE TERRAZZE;9.173368363426423;45.40542025151507;(45.40542025151507, 9.173368363426423)
281;20141;5;42;STADERA - CHIESA ROSSA - Q.RE TORRETTA - CONCA FALLATA;9.174639055980682;45.43648197579828;(45.43648197579828, 9.174639055980682)
17904;20123;1;6;PORTA TICINESE - CONCA DEL NAVIGLIO;9.178075166550839;45.45851179447936;(45.45851179447936, 9.178075166550839)
475;20121;1;8;PARCO SEMPIONE;9.175565274221047;45.473926303308836;(45.473926303308836, 9.175565274221047)
446;20154;1;8;PARCO SEMPIONE;9.174699462471267;45.47591681641561;(45.47591681641561, 9.174699462471267)
7086;20154;1;69;SARPI;9.17678642379098;45.47831652661128;(45.47831652661128, 9.17678642379098)
110;20158;9;79;DERGANO;9.175664323085053;45.50201914932811;(45.50201914932811, 9.175664323085053)
318;20161;9;80;AFFORI;9.176841720568367;45.508603758340016;(45.508603758340016, 9.176841720568367)
473;20121;1;1;DUOMO;9.180301204434029;45.47035757314661;(45.47035757314661, 9.180301204434029)
471;20154;8;69;SARPI;9.178913433899659;45.484954684331676;(45.484954684331676, 9.178913433899659)
472;20154;8;69;SARPI;9.179609633351912;45.48454542769885;(45.48454542769885, 9.179609633351912)
5832;20154;8;69;SARPI;9.18135243793929;45.48595554282036;(45.48595554282036, 9.18135243793929)
452;20159;9;78;FARINI;9.181181570115447;45.49082746666085;(45.49082746666085, 9.181181570115447)
3380;20141;5;43;TIBALDI;9.187280122572991;45.437802056417546;(45.437802056417546, 9.187280122572991)
4201;20154;9;2;BRERA;9.187505515991157;45.480777102046005;(45.480777102046005, 9.187505515991157)
4214;20162;9;14;NIGUARDA - CA' GRANDA - PRATO CENTENARO - Q.RE FULVIO TESTI;9.188550735640789;45.514564426137014;(45.514564426137014, 9.188550735640789)
4238;20141;5;37;MORIVIONE;9.19454894116683;45.44222933130185;(45.44222933130185, 9.19454894116683)
4186;20122;1;5;PORTA VIGENTINA - PORTA LODOVICA;9.192608002283237;45.4560253344158;(45.4560253344158, 9.192608002283237)
2558;20121;1;4;GUASTALLA;9.198477094804204;45.470830849439;(45.470830849439, 9.198477094804204)
419;20121;1;3;GIARDINI P.TA VENEZIA;9.203910510073738;45.47377116046201;(45.47377116046201, 9.203910510073738)
357;20125;2;10;STAZIONE CENTRALE - PONTE SEVESO;9.203790656797624;45.48460777603909;(45.48460777603909, 9.203790656797624)
5843;20135;4;26;XXII MARZO;9.209201034383435;45.45851021066598;(45.45851021066598, 9.209201034383435)
416;20124;3;21;BUENOS AIRES - PORTA VENEZIA - PORTA MONFORTE;9.208615850326417;45.48147178358468;(45.48147178358468, 9.208615850326417)
28317;20125;2;10;STAZIONE CENTRALE - PONTE SEVESO;9.206134527570534;45.48969422195564;(45.48969422195564, 9.206134527570534)
176;20135;4;26;XXII MARZO;9.215753376995687;45.46076147168526;(45.46076147168526, 9.215753376995687)
28718;20126;9;15;BICOCCA;9.2132718848483;45.52313007087063;(45.52313007087063, 9.2132718848483)
409;20139;4;35;LODI - CORVETTO;9.218563189059198;45.44385177678079;(45.44385177678079, 9.218563189059198)
3441;20137;4;28;UMBRIA - MOLISE - CALVAIRATE;9.220100875604015;45.457170664281236;(45.457170664281236, 9.220100875604015)
2961;20137;4;28;UMBRIA - MOLISE - CALVAIRATE;9.222552450423425;45.456874615531;(45.456874615531, 9.222552450423425)
5825;20133;3;21;BUENOS AIRES - PORTA VENEZIA - PORTA MONFORTE;9.22329972400147;45.473695553431696;(45.473695553431696, 9.22329972400147)
10687;20126;2;16;GORLA - PRECOTTO;9.220349798717816;45.50560447735975;(45.50560447735975, 9.220349798717816)
322;20126;2;16;GORLA - PRECOTTO;9.21965316794274;45.51354791604009;(45.51354791604009, 9.21965316794274)
4245;20133;4;25;CORSICA;9.225671929153686;45.463052766053444;(45.463052766053444, 9.225671929153686)
411;20133;4;25;CORSICA;9.228201764687002;45.462359601329155;(45.462359601329155, 9.228201764687002)
160;20133;3;22;CITTA' STUDI;9.224958343801315;45.468350211889934;(45.468350211889934, 9.224958343801315)
360;20133;3;22;CITTA' STUDI;9.227172877020259;45.470210684010254;(45.470210684010254, 9.227172877020259)
2956;20133;3;22;CITTA' STUDI;9.234801005104263;45.47326701131525;(45.47326701131525, 9.234801005104263)
4169;20128;2;16;GORLA - PRECOTTO;9.232787441127263;45.51450549697337;(45.51450549697337, 9.232787441127263)
171;20138;4;30;TALIEDO - MORSENCHIO - Q.RE FORLANINI;9.23934913963105;45.45288569680955;(45.45288569680955, 9.23934913963105)
504;20134;3;18;CIMIANO - ROTTOLE - Q.RE FELTRE;9.242699009412554;45.489069741675436;(45.489069741675436, 9.242699009412554)
506;20132;3;18;CIMIANO - ROTTOLE - Q.RE FELTRE;9.244677851783614;45.50200586397983;(45.50200586397983, 9.244677851783614)
3413;20153;7;55;BAGGIO - Q.RE DEGLI OLMI - Q.RE VALSESIA;9.079662237634215;45.465824449139376;(45.465824449139376, 9.079662237634215)
21912;20152;7;55;BAGGIO - Q.RE DEGLI OLMI - Q.RE VALSESIA;9.08293314612086;45.4526140607322;(45.4526140607322, 9.08293314612086)
4251;20152;7;56;FORZE ARMATE;9.102457365680387;45.455102613743726;(45.455102613743726, 9.102457365680387)
2556;20152;7;56;FORZE ARMATE;9.101654334086355;45.46125944183463;(45.46125944183463, 9.101654334086355)
60;20151;7;88;PARCO BOSCO IN CITTA';9.104694947812279;45.489709765622486;(45.489709765622486, 9.104694947812279)
28723;20151;8;65;Q.RE GALLARATESE - Q.RE SAN LEONARDO - LAMPUGNANO;9.10912713598618;45.50296363292773;(45.50296363292773, 9.10912713598618)
4177;20153;7;60;STADIO - IPPODROMI;9.118482572890422;45.475740896845565;(45.475740896845565, 9.118482572890422)
53;20151;7;60;STADIO - IPPODROMI;9.115359097532663;45.476910962313546;(45.476910962313546, 9.115359097532663)
450;20146;6;52;BANDE NERE;9.138156332802376;45.45523660672675;(45.45523660672675, 9.138156332802376)
365;20146;7;52;BANDE NERE;9.137550243150104;45.461587526839814;(45.461587526839814, 9.137550243150104)
12686;20147;7;52;BANDE NERE;9.133141801683118;45.466087235927034;(45.466087235927034, 9.133141801683118)
5380;20148;7;60;STADIO - IPPODROMI;9.138208848260115;45.47635945668914;(45.47635945668914, 9.138208848260115)
3427;20157;8;76;QUARTO OGGIARO - VIALBA - MUSOCCO;9.135637935853332;45.51645993995115;(45.51645993995115, 9.135637935853332)
47;20149;7;58;DE ANGELI - MONTE ROSA;9.145038403564222;45.47085868605847;(45.47085868605847, 9.145038403564222)
366;20146;6;52;BANDE NERE;9.146658236178514;45.45971495589466;(45.45971495589466, 9.146658236178514)
2169;20149;8;67;PORTELLO;9.156015755994277;45.48399678276933;(45.48399678276933, 9.156015755994277)
22312;20144;7;51;PORTA MAGENTA;9.160032499203183;45.45945916888273;(45.45945916888273, 9.160032499203183)
427;20145;8;68;PAGANO;9.160674495754103;45.46999913348862;(45.46999913348862, 9.160674495754103)
3382;20145;8;68;PAGANO;9.161559461555328;45.47081392162919;(45.47081392162919, 9.161559461555328)
5406;20145;8;68;PAGANO;9.162014410516239;45.47106949978609;(45.47106949978609, 9.162014410516239)
3400;20155;8;70;GHISOLFA;9.1645486675415;45.49447493713714;(45.49447493713714, 9.1645486675415)
946;20142;5;42;STADERA - CHIESA ROSSA - Q.RE TORRETTA - CONCA FALLATA;9.166389002890247;45.425639861776766;(45.425639861776766, 9.166389002890247)
431;20154;8;70;GHISOLFA;9.170537974523214;45.48938149000255;(45.48938149000255, 9.170537974523214)
131;20161;9;80;AFFORI;9.166162773843856;45.51576270398384;(45.51576270398384, 9.166162773843856)
338;20161;9;83;BRUZZANO;9.170196769774641;45.5251028603305;(45.5251028603305, 9.170196769774641)
5839;20142;5;41;GRATOSOGLIO - Q.RE MISSAGLIA - Q.RE TERRAZZE;9.172599073881306;45.407712165334665;(45.407712165334665, 9.172599073881306)
4197;20123;1;6;PORTA TICINESE - CONCA DEL NAVIGLIO;9.177293936811763;45.45495306751115;(45.45495306751115, 9.177293936811763)
476;20121;1;8;PARCO SEMPIONE;9.175833460143926;45.4721191352121;(45.4721191352121, 9.175833460143926)
3387;20154;1;8;PARCO SEMPIONE;9.1757212570101;45.476122544961676;(45.476122544961676, 9.1757212570101)
4225;20154;8;69;SARPI;9.178130541323274;45.48457597742293;(45.48457597742293, 9.178130541323274)
15499;20158;9;78;FARINI;9.173559963761807;45.49480571079335;(45.49480571079335, 9.173559963761807)
111;20158;9;79;DERGANO;9.17734981610963;45.502615291878264;(45.502615291878264, 9.17734981610963)
137;20136;5;6;PORTA TICINESE - CONCA DEL NAVIGLIO;9.182820841287374;45.44913578672395;(45.44913578672395, 9.182820841287374)
104;20122;1;6;PORTA TICINESE - CONCA DEL NAVIGLIO;9.18096372293869;45.45352273983118;(45.45352273983118, 9.18096372293869)
383;20123;1;1;DUOMO;9.181699514129525;45.461675131039684;(45.461675131039684, 9.181699514129525)
377;20121;1;1;DUOMO;9.179389454416254;45.46974819732716;(45.46974819732716, 9.179389454416254)
376;20121;1;1;DUOMO;9.1816177108303;45.469647036265634;(45.469647036265634, 9.1816177108303)
3377;20141;5;43;TIBALDI;9.186657043863653;45.4378571094215;(45.4378571094215, 9.186657043863653)
36;20141;5;42;STADERA - CHIESA ROSSA - Q.RE TORRETTA - CONCA FALLATA;9.18674174500544;45.43466818285477;(45.43466818285477, 9.18674174500544)
3378;20141;5;43;TIBALDI;9.186946609227862;45.43772328043649;(45.43772328043649, 9.186946609227862)
32;20141;5;43;TIBALDI;9.185376068157776;45.4394630928396;(45.4394630928396, 9.185376068157776)
150;20121;1;2;BRERA;9.189780585330556;45.47525580610358;(45.47525580610358, 9.189780585330556)
149;20124;1;2;BRERA;9.190271738136362;45.480343223985734;(45.480343223985734, 9.190271738136362)
4202;20154;9;2;BRERA;9.186415442490025;45.48091725902849;(45.48091725902849, 9.186415442490025)
381;20122;1;1;DUOMO;9.193760998639817;45.46345031038336;(45.46345031038336, 9.193760998639817)
3439;20121;1;3;GIARDINI P.TA VENEZIA;9.198002487345395;45.475382677117956;(45.475382677117956, 9.198002487345395)
3432;20139;5;36;SCALO ROMANA;9.210946658319596;45.43677521451511;(45.43677521451511, 9.210946658319596)
119;20139;5;36;SCALO ROMANA;9.211250782777489;45.440763339553556;(45.440763339553556, 9.211250782777489)
326;20162;9;14;NIGUARDA - CA' GRANDA - PRATO CENTENARO - Q.RE FULVIO TESTI;9.210132246257759;45.52823376694019;(45.52823376694019, 9.210132246257759)
3416;20139;4;35;LODI - CORVETTO;9.216583821869483;45.445205268599636;(45.445205268599636, 9.216583821869483)
526;20129;4;26;XXII MARZO;9.214524732121376;45.46779560984598;(45.46779560984598, 9.214524732121376)
15901;20126;9;15;BICOCCA;9.21424734308025;45.522664705968786;(45.522664705968786, 9.21424734308025)
423;20139;4;35;LODI - CORVETTO;9.220595773603783;45.43419460972869;(45.43419460972869, 9.220595773603783)
4246;20133;4;25;CORSICA;9.224191365206298;45.464070409689214;(45.464070409689214, 9.224191365206298)
4208;20139;4;35;LODI - CORVETTO;9.228161729725965;45.440131450868265;(45.440131450868265, 9.228161729725965)
161;20139;4;35;LODI - CORVETTO;9.229797561889308;45.44300419108691;(45.44300419108691, 9.229797561889308)
5389;20128;2;16;GORLA - PRECOTTO;9.228897650589305;45.513437942086895;(45.513437942086895, 9.228897650589305)
15900;20139;4;35;LODI - CORVETTO;9.235779921249282;45.43497946871107;(45.43497946871107, 9.235779921249282)
4171;20133;3;22;CITTA' STUDI;9.235540184108082;45.479095744378505;(45.479095744378505, 9.235540184108082)
18709;20132;3;18;CIMIANO - ROTTOLE - Q.RE FELTRE;9.237747019248614;45.49093751012662;(45.49093751012662, 9.237747019248614)
3390;20128;2;16;GORLA - PRECOTTO;9.235528051423325;45.509881349661555;(45.509881349661555, 9.235528051423325)
4227;20128;2;17;ADRIANO;9.236946254436868;45.51424098250318;(45.51424098250318, 9.236946254436868)
340;20134;3;23;LAMBRATE - ORTICA;9.241253832604887;45.470802880136;(45.470802880136, 9.241253832604887)
489;20134;3;23;LAMBRATE - ORTICA;9.24121770735128;45.486041826922076;(45.486041826922076, 9.24121770735128)
10688;20128;2;17;ADRIANO;9.24019403523348;45.51734291977066;(45.51734291977066, 9.24019403523348)
502;20134;3;23;LAMBRATE - ORTICA;9.250755511327363;45.47973919830931;(45.47973919830931, 9.250755511327363)
541;20128;2;17;ADRIANO;9.24869613388189;45.517792942090935;(45.517792942090935, 9.24869613388189)
29116;20128;2;17;ADRIANO;9.251628636727352;45.51791670931425;(45.51791670931425, 9.251628636727352)
4195;20138;4;31;MONLUE' - PONTE LAMBRO;9.262975617432534;45.44469505573605;(45.44469505573605, 9.262975617432534)
